Var1,Freq
B.1.1.529+P681R,43
B.1.1.529+I692I,22
B.1.1.529+A475A,14
B.1.1.529+N713Stop,13
B.1.1.529+T710R,12
B.1.1.529+V700Y,10
B.1.1.529+A688V,8
B.1.1.529+S691S,8
B.1.1.529+S496G,6
B.1.1.529+S680S,6
B.1.1.529+Y489Y,6
B.1.1.529+A684V,5
B.1.1.529+A694V,5
B.1.1.529+I715I,5
B.1.1.529+R493Q,5
B.1.1.529+A484V,4
B.1.1.529+A684T,4
B.1.1.529+V700N,4
B.1.1.529+Y695Y,4
B.1.1.529+A688T,3
B.1.1.529+R682R,3
B.1.1.529+S494P,3
B.1.1.529+S494S,3
B.1.1.529+T686N,3
B.1.1.529+A484S,2
B.1.1.529+A688S,2
B.1.1.529+G476C,2
B.1.1.529+G476S,2
B.1.1.529+P491L,2
B.1.1.529+R683W,2
B.1.1.529+S494A,2
B.1.1.529+Y495Y,2
B.1.1.529+A484V+F486V,1
B.1.1.529+A684S,1
B.1.1.529+E471Q,1
B.1.1.529+E484S,1
B.1.1.529+E484T,1
B.1.1.529+E484V+S494P,1
B.1.1.529+F490S,1
B.1.1.529+F497F,1
B.1.1.529+G493R,1
B.1.1.529+G496I,1
B.1.1.529+G498R,1
B.1.1.529+G504S,1
B.1.1.529+G712Stop,1
B.1.1.529+H681Y,1
B.1.1.529+I696L,1
B.1.1.529+L699L,1
B.1.1.529+L707F,1
B.1.1.529+L708V,1
B.1.1.529+N705R,1
B.1.1.529+P499P,1
B.1.1.529+P681H,1
B.1.1.529+R493G+F490V,1
B.1.1.529+R493G+Y495Y,1
B.1.1.529+R683R,1
B.1.1.529+S477D,1
B.1.1.529+S477K,1
B.1.1.529+S477N,1
B.1.1.529+S494L,1
B.1.1.529+S680P,1
B.1.1.529+S686G,1
B.1.1.529+T678T,1
B.1.1.529+V483A,1
B.1.1.529+V693F,1
B.1.1.529+V700H,1
